{
  "meta": {
    "num_samples": 88,
    "labels": [
      "investment_advice",
      "none",
      "portfolio_analysis",
      "screening",
      "single_stock_analysis"
    ]
  },
  "overall": {
    "confusion_matrix": {
      "investment_advice": {
        "investment_advice": 17,
        "none": 0,
        "portfolio_analysis": 3,
        "screening": 0,
        "single_stock_analysis": 0
      },
      "none": {
        "investment_advice": 0,
        "none": 8,
        "portfolio_analysis": 0,
        "screening": 0,
        "single_stock_analysis": 0
      },
      "portfolio_analysis": {
        "investment_advice": 0,
        "none": 0,
        "portfolio_analysis": 20,
        "screening": 0,
        "single_stock_analysis": 0
      },
      "screening": {
        "investment_advice": 0,
        "none": 0,
        "portfolio_analysis": 0,
        "screening": 20,
        "single_stock_analysis": 0
      },
      "single_stock_analysis": {
        "investment_advice": 0,
        "none": 0,
        "portfolio_analysis": 0,
        "screening": 0,
        "single_stock_analysis": 20
      }
    },
    "accuracy": 0.9659090909090909,
    "precision": 0.9739130434782609,
    "recall": 0.97,
    "f1_score": 0.9698302954116909,
    "weighted_f1_score": 0.9657162447860121,
    "coverage_accuracy_curve": {
      "coverage": [
        0.011363636363636364,
        0.022727272727272728,
        0.03409090909090909,
        0.045454545454545456,
        0.056818181818181816,
        0.06818181818181818,
        0.07954545454545454,
        0.09090909090909091,
        0.10227272727272728,
        0.11363636363636363,
        0.125,
        0.13636363636363635,
        0.14772727272727273,
        0.1590909090909091,
        0.17045454545454544,
        0.18181818181818182,
        0.19318181818181818,
        0.20454545454545456,
        0.2159090909090909,
        0.22727272727272727,
        0.23863636363636365,
        0.25,
        0.26136363636363635,
        0.2727272727272727,
        0.2840909090909091,
        0.29545454545454547,
        0.3068181818181818,
        0.3181818181818182,
        0.32954545454545453,
        0.3409090909090909,
        0.3522727272727273,
        0.36363636363636365,
        0.375,
        0.38636363636363635,
        0.3977272727272727,
        0.4090909090909091,
        0.42045454545454547,
        0.4318181818181818,
        0.4431818181818182,
        0.45454545454545453,
        0.4659090909090909,
        0.4772727272727273,
        0.48863636363636365,
        0.5,
        0.5113636363636364,
        0.5227272727272727,
        0.5340909090909091,
        0.5454545454545454,
        0.5568181818181818,
        0.5681818181818182,
        0.5795454545454546,
        0.5909090909090909,
        0.6022727272727273,
        0.6136363636363636,
        0.625,
        0.6363636363636364,
        0.6477272727272727,
        0.6590909090909091,
        0.6704545454545454,
        0.6818181818181818,
        0.6931818181818182,
        0.7045454545454546,
        0.7159090909090909,
        0.7272727272727273,
        0.7386363636363636,
        0.75,
        0.7613636363636364,
        0.7727272727272727,
        0.7840909090909091,
        0.7954545454545454,
        0.8068181818181818,
        0.8181818181818182,
        0.8295454545454546,
        0.8409090909090909,
        0.8522727272727273,
        0.8636363636363636,
        0.875,
        0.8863636363636364,
        0.8977272727272727,
        0.9090909090909091,
        0.9204545454545454,
        0.9318181818181818,
        0.9431818181818182,
        0.9545454545454546,
        0.9659090909090909,
        0.9772727272727273,
        0.9886363636363636,
        1.0
      ],
      "accuracy": [
        1.0,
        1.0,
        1.0,
        1.0,
        1.0,
        1.0,
        1.0,
        1.0,
        1.0,
        1.0,
        1.0,
        1.0,
        1.0,
        1.0,
        1.0,
        1.0,
        1.0,
        1.0,
        1.0,
        1.0,
        1.0,
        1.0,
        1.0,
        1.0,
        1.0,
        1.0,
        1.0,
        1.0,
        1.0,
        1.0,
        1.0,
        1.0,
        1.0,
        1.0,
        1.0,
        1.0,
        1.0,
        1.0,
        1.0,
        1.0,
        1.0,
        1.0,
        1.0,
        1.0,
        1.0,
        1.0,
        1.0,
        1.0,
        1.0,
        1.0,
        1.0,
        1.0,
        1.0,
        1.0,
        1.0,
        1.0,
        1.0,
        1.0,
        1.0,
        1.0,
        1.0,
        1.0,
        1.0,
        1.0,
        1.0,
        1.0,
        1.0,
        0.9852941176470589,
        0.9855072463768116,
        0.9857142857142858,
        0.9859154929577465,
        0.9861111111111112,
        0.9726027397260274,
        0.972972972972973,
        0.9733333333333334,
        0.9736842105263158,
        0.974025974025974,
        0.9743589743589743,
        0.9746835443037974,
        0.975,
        0.9753086419753086,
        0.975609756097561,
        0.9759036144578314,
        0.9642857142857143,
        0.9647058823529412,
        0.9651162790697675,
        0.9655172413793104,
        0.9659090909090909
      ]
    }
  }
}